batter,phase,runs,balls,strike_rate
A Ashish Reddy,Death,192,129,148.8372093023256
A Ashish Reddy,Middle,83,60,138.33333333333334
A Ashish Reddy,Powerplay,5,7,71.42857142857143
A Badoni,Death,446,277,161.01083032490976
A Badoni,Middle,581,480,121.04166666666667
A Badoni,Powerplay,151,128,117.96875
A Chandila,Death,4,7,57.14285714285714
A Chopra,Middle,24,30,80.0
A Chopra,Powerplay,29,45,64.44444444444444
A Choudhary,Death,24,19,126.3157894736842
A Choudhary,Middle,1,1,100.0
A Dananjaya,Death,4,5,80.0
A Flintoff,Death,22,14,157.14285714285714
A Flintoff,Middle,25,27,92.5925925925926
A Flintoff,Powerplay,15,16,93.75
A Kamboj,Death,51,40,127.49999999999999
A Kamboj,Middle,23,15,153.33333333333334
A Kumble,Death,29,41,70.73170731707317
A Kumble,Middle,6,8,75.0
A Manohar,Death,116,68,170.58823529411765
A Manohar,Middle,158,148,106.75675675675676
A Manohar,Powerplay,18,27,66.66666666666666
A Mhatre,Death,4,5,80.0
A Mhatre,Middle,130,74,175.67567567567568
A Mhatre,Powerplay,307,171,179.53216374269005
A Mishra,Death,237,221,107.23981900452489
A Mishra,Middle,134,205,65.3658536585366
A Mishra,Powerplay,10,14,71.42857142857143
A Mithun,Death,13,11,118.18181818181819
A Mithun,Middle,21,15,140.0
A Mukund,Death,0,1,0.0
A Mukund,Middle,1,3,33.33333333333333
A Mukund,Powerplay,18,19,94.73684210526315
A Nehra,Death,36,60,60.0
A Nehra,Middle,5,3,166.66666666666669
A Nortje,Death,46,45,102.22222222222221
A Nortje,Middle,3,7,42.857142857142854
A Raghuvanshi,Death,118,69,171.0144927536232
A Raghuvanshi,Middle,434,314,138.21656050955414
A Raghuvanshi,Powerplay,333,245,135.9183673469388
A Singh,Death,2,8,25.0
A Singh,Middle,0,2,0.0
A Symonds,Death,239,154,155.19480519480518
A Symonds,Middle,598,491,121.79226069246437
A Symonds,Powerplay,137,136,100.73529411764706
A Tomar,Powerplay,4,8,50.0
A Uniyal,Death,4,7,57.14285714285714
A Zampa,Death,5,6,83.33333333333334
A Zampa,Middle,10,19,52.63157894736842
AA Bilakhia,Death,34,28,121.42857142857142
AA Bilakhia,Middle,8,20,40.0
AA Bilakhia,Powerplay,27,40,67.5
AA Chavan,Death,11,8,137.5
AA Chavan,Middle,1,3,33.33333333333333
AA Jhunjhunwala,Death,53,40,132.5
AA Jhunjhunwala,Middle,133,122,109.01639344262296
AA Jhunjhunwala,Powerplay,31,56,55.35714285714286
AA Kulkarni,Middle,4,8,50.0
AA Kulkarni,Powerplay,22,25,88.0
AA Noffke,Middle,9,12,75.0
AB Agarkar,Death,109,84,129.76190476190476
AB Agarkar,Middle,50,61,81.9672131147541
AB Agarkar,Powerplay,20,15,133.33333333333331
AB Barath,Death,2,5,40.0
AB Barath,Middle,20,20,100.0
AB Barath,Powerplay,20,18,111.11111111111111
AB Dinda,Death,18,38,47.368421052631575
AB Dinda,Middle,8,12,66.66666666666666
AB McDonald,Death,78,65,120.0
AB McDonald,Middle,15,19,78.94736842105263
AB McDonald,Powerplay,30,19,157.89473684210526
AB de Villiers,Death,1421,635,223.7795275590551
AB de Villiers,Middle,2808,2032,138.18897637795274
AB de Villiers,Powerplay,952,820,116.09756097560975
AC Blizzard,Middle,10,5,200.0
AC Blizzard,Powerplay,110,86,127.90697674418605
AC Gilchrist,Death,52,25,208.0
AC Gilchrist,Middle,540,370,145.94594594594594
AC Gilchrist,Powerplay,1477,1160,127.32758620689654
AC Thomas,Death,19,18,105.55555555555556
AC Thomas,Middle,1,1,100.0
AC Voges,Death,66,44,150.0
AC Voges,Middle,104,86,120.93023255813952
AC Voges,Powerplay,11,13,84.61538461538461
AD Hales,Middle,29,29,100.0
AD Hales,Powerplay,119,90,132.22222222222223
AD Mascarenhas,Death,32,30,106.66666666666667
AD Mascarenhas,Middle,43,47,91.48936170212765
AD Mascarenhas,Powerplay,4,2,200.0
AD Mathews,Death,322,223,144.39461883408072
AD Mathews,Middle,380,344,110.46511627906976
AD Mathews,Powerplay,22,32,68.75
AD Nath,Death,16,18,88.88888888888889
AD Nath,Middle,61,63,96.82539682539682
AD Nath,Powerplay,13,18,72.22222222222221
AD Russell,Death,1134,605,187.43801652892563
AD Russell,Middle,1465,995,147.23618090452263
AD Russell,Powerplay,56,26,215.3846153846154
AF Milne,Death,17,21,80.95238095238095
AF Milne,Middle,8,12,66.66666666666666
AG Murtaza,Death,10,14,71.42857142857143
AG Paunikar,Powerplay,49,61,80.32786885245902
AJ Finch,Death,203,130,156.15384615384616
AJ Finch,Middle,852,632,134.81012658227849
AJ Finch,Powerplay,1037,934,111.02783725910064
AJ Hosein,Death,21,14,150.0
AJ Turner,Death,4,15,26.666666666666668
AJ Turner,Middle,20,16,125.0
AJ Tye,Death,54,52,103.84615384615385
AJ Tye,Middle,37,27,137.03703703703704
AK Markram,Death,211,124,170.16129032258064
AK Markram,Middle,873,672,129.91071428571428
AK Markram,Powerplay,587,468,125.42735042735043
AL Menaria,Death,79,65,121.53846153846153
AL Menaria,Middle,300,275,109.09090909090908
AL Menaria,Powerplay,22,27,81.48148148148148
AM Ghazanfar,Death,2,3,66.66666666666666
AM Nayar,Death,224,141,158.86524822695037
AM Nayar,Middle,369,348,106.03448275862068
AM Nayar,Powerplay,79,99,79.7979797979798
AM Rahane,Death,386,241,160.16597510373444
AM Rahane,Middle,1924,1551,124.04900064474533
AM Rahane,Powerplay,3057,2599,117.62216237014236
AN Ahmed,Death,36,27,133.33333333333331
AN Ghosh,Middle,0,1,0.0
AN Ghosh,Powerplay,7,7,100.0
AP Dole,Death,32,20,160.0
AP Dole,Middle,2,3,66.66666666666666
AP Majumdar,Middle,63,58,108.62068965517241
AP Majumdar,Powerplay,24,19,126.3157894736842
AP Tare,Death,34,21,161.9047619047619
AP Tare,Middle,62,39,158.97435897435898
AP Tare,Powerplay,243,225,108.0
AR Bawne,Death,12,12,100.0
AR Patel,Death,824,551,149.54627949183305
AR Patel,Middle,1117,945,118.2010582010582
AR Patel,Powerplay,148,139,106.4748201438849
AS Joseph,Death,16,22,72.72727272727273
AS Joseph,Middle,11,10,110.00000000000001
AS Rajpoot,Death,25,35,71.42857142857143
AS Rajpoot,Middle,1,6,16.666666666666664
AS Raut,Death,107,81,132.0987654320988
AS Raut,Middle,77,79,97.46835443037975
AS Raut,Powerplay,10,12,83.33333333333334
AS Roy,Death,50,36,138.88888888888889
AS Roy,Middle,24,25,96.0
AS Roy,Powerplay,4,5,80.0
AS Yadav,Death,39,30,130.0
AS Yadav,Middle,10,10,100.0
AT Carey,Death,31,28,110.71428571428572
AT Carey,Middle,1,1,100.0
AT Rayudu,Death,877,535,163.92523364485982
AT Rayudu,Middle,2510,2012,124.75149105367794
AT Rayudu,Powerplay,961,943,101.90880169671262
AU Rashid,Death,4,3,133.33333333333331
AU Rashid,Middle,18,14,128.57142857142858
AUK Pathan,Death,14,12,116.66666666666667
AUK Pathan,Middle,4,4,100.0
AUK Pathan,Powerplay,21,10,210.0
Abdul Basith,Death,1,1,100.0
Abdul Samad,Death,452,267,169.2883895131086
Abdul Samad,Middle,401,326,123.00613496932516
Abdul Samad,Powerplay,6,5,120.0
Abdur Razzak,Death,0,2,0.0
Abhishek Sharma,Death,148,98,151.0204081632653
Abhishek Sharma,Middle,668,424,157.54716981132074
Abhishek Sharma,Powerplay,1563,949,164.6996838777661
Abishek Porel,Death,53,29,182.75862068965517
Abishek Porel,Middle,282,203,138.91625615763547
Abishek Porel,Powerplay,434,316,137.34177215189874
Akash Deep,Death,16,9,177.77777777777777
Akash Deep,Middle,9,5,180.0
Akash Madhwal,Death,4,5,80.0
Akash Madhwal,Middle,4,9,44.44444444444444
Akshat Raghuwanshi,Middle,29,27,107.40740740740742
Aman Hakim Khan,Death,40,32,125.0
Aman Hakim Khan,Middle,71,72,98.61111111111111
Aman Hakim Khan,Powerplay,4,5,80.0
Aniket Verma,Death,110,60,183.33333333333331
Aniket Verma,Middle,175,123,142.27642276422765
Aniket Verma,Powerplay,30,22,136.36363636363635
Anirudh Singh,Death,9,9,100.0
Anirudh Singh,Middle,36,38,94.73684210526315
Anirudh Singh,Powerplay,18,22,81.81818181818183
Ankit Sharma,Death,31,29,106.89655172413792
Ankit Sharma,Middle,28,16,175.0
Ankit Sharma,Powerplay,28,24,116.66666666666667
Ankit Soni,Death,7,9,77.77777777777779
Anmolpreet Singh,Middle,15,16,93.75
Anmolpreet Singh,Powerplay,124,101,122.77227722772277
Anuj Rawat,Death,127,69,184.05797101449275
Anuj Rawat,Middle,97,107,90.65420560747664
Anuj Rawat,Powerplay,94,100,94.0
Anureet Singh,Death,29,35,82.85714285714286
Anureet Singh,Middle,7,12,58.333333333333336
Arjun Tendulkar,Death,18,14,128.57142857142858
Arshad Khan,Death,85,59,144.0677966101695
Arshad Khan,Middle,57,43,132.5581395348837
Arshad Khan (2),Death,5,4,125.0
Arshdeep Singh,Death,27,42,64.28571428571429
Arshdeep Singh,Middle,5,7,71.42857142857143
Ashok Sharma,Death,0,1,0.0
Ashok Sharma,Middle,1,4,25.0
Ashutosh Sharma,Death,361,202,178.7128712871287
Ashutosh Sharma,Middle,202,153,132.02614379084966
Ashutosh Sharma,Powerplay,1,1,100.0
Ashwani Kumar,Death,1,6,16.666666666666664
Atharva Taide,Middle,79,62,127.41935483870968
Atharva Taide,Powerplay,181,126,143.65079365079364
Auqib Nabi,Death,10,2,500.0
Auqib Nabi,Middle,4,2,200.0
Avesh Khan,Death,56,41,136.58536585365854
Avesh Khan,Middle,12,5,240.0
Azhar Mahmood,Death,96,64,150.0
Azhar Mahmood,Middle,262,214,122.42990654205607
Azhar Mahmood,Powerplay,30,33,90.9090909090909
Azmatullah Omarzai,Death,61,33,184.84848484848484
Azmatullah Omarzai,Middle,84,70,120.0
Azmatullah Omarzai,Powerplay,6,2,300.0
B Akhil,Death,49,32,153.125
B Akhil,Middle,27,25,108.0
B Chipli,Death,78,44,177.27272727272728
B Chipli,Middle,136,123,110.56910569105692
B Chipli,Powerplay,66,89,74.15730337078652
B Indrajith,Middle,0,1,0.0
B Indrajith,Powerplay,21,30,70.0
B Kumar,Death,299,304,98.35526315789474
B Kumar,Middle,55,88,62.5
B Laughlin,Death,1,5,20.0
B Laughlin,Middle,4,8,50.0
B Lee,Death,104,80,130.0
B Lee,Middle,20,22,90.9090909090909
B Sai Sudharsan,Death,207,102,202.94117647058823
B Sai Sudharsan,Middle,1167,790,147.7215189873418
B Sai Sudharsan,Powerplay,1141,868,131.4516129032258
B Stanlake,Death,5,2,250.0
B Sumanth,Death,23,21,109.52380952380953
B Sumanth,Middle,12,17,70.58823529411765
BA Bhatt,Death,6,7,85.71428571428571
BA Stokes,Death,128,90,142.22222222222223
BA Stokes,Middle,541,416,130.0480769230769
BA Stokes,Powerplay,266,212,125.47169811320755
BAW Mendis,Death,3,5,60.0
BAW Mendis,Middle,0,1,0.0
BB McCullum,Death,158,78,202.56410256410254
BB McCullum,Middle,978,759,128.85375494071147
BB McCullum,Powerplay,1746,1435,121.67247386759581
BB Samantray,Death,31,25,124.0
BB Samantray,Middle,72,64,112.5
BB Samantray,Powerplay,22,27,81.48148148148148
BB Sran,Death,9,13,69.23076923076923
BB Sran,Middle,1,1,100.0
BCJ Cutting,Death,208,114,182.45614035087718
BCJ Cutting,Middle,29,30,96.66666666666667
BCJ Cutting,Powerplay,1,2,50.0
BE Hendricks,Death,1,3,33.33333333333333
BJ Haddin,Powerplay,18,11,163.63636363636365
BJ Hodge,Death,494,305,161.96721311475412
BJ Hodge,Middle,719,634,113.40694006309148
BJ Hodge,Powerplay,187,214,87.38317757009347
BJ Rohrer,Death,73,31,235.48387096774195
BJ Rohrer,Middle,119,113,105.30973451327435
BJ Rohrer,Powerplay,1,2,50.0
BKG Mendis,Powerplay,20,11,181.8181818181818
BMAJ Mendis,Middle,20,20,100.0
BMAJ Mendis,Powerplay,3,7,42.857142857142854
BR Dunk,Powerplay,40,36,111.11111111111111
BR Sharath,Middle,2,5,40.0
Basil Thampi,Death,29,31,93.54838709677419
Basil Thampi,Middle,3,6,50.0
Bipul Sharma,Death,152,98,155.10204081632654
Bipul Sharma,Middle,35,26,134.6153846153846
Brijesh Sharma,Death,2,4,50.0
C Bosch,Death,92,48,191.66666666666669
C Bosch,Middle,5,15,33.33333333333333
C Connolly,Death,63,28,225.0
C Connolly,Middle,250,157,159.23566878980893
C Connolly,Powerplay,178,131,135.87786259541986
C Green,Death,200,123,162.60162601626016
C Green,Middle,501,339,147.78761061946904
C Green,Powerplay,328,240,136.66666666666666
C Madan,Powerplay,15,21,71.42857142857143
C Munro,Death,4,6,66.66666666666666
C Munro,Middle,34,31,109.6774193548387
C Munro,Powerplay,139,107,129.90654205607478
C Nanda,Death,0,1,0.0
C Sakariya,Death,19,26,73.07692307692307
C Sakariya,Middle,1,5,20.0
C de Grandhomme,Death,136,103,132.03883495145632
C de Grandhomme,Middle,166,117,141.8803418803419
C de Grandhomme,Powerplay,1,9,11.11111111111111
CA Ingram,Death,53,35,151.42857142857142
CA Ingram,Middle,133,121,109.91735537190081
CA Ingram,Powerplay,19,27,70.37037037037037
CA Lynn,Death,30,24,125.0
CA Lynn,Middle,424,327,129.66360856269114
CA Lynn,Powerplay,875,623,140.4494382022472
CA Pujara,Death,40,30,133.33333333333331
CA Pujara,Middle,124,124,100.0
CA Pujara,Powerplay,226,249,90.76305220883533
CH Gayle,Death,404,209,193.30143540669857
CH Gayle,Middle,1925,1242,154.99194847020934
CH Gayle,Powerplay,2668,2065,129.20096852300242
CH Morris,Death,457,276,165.57971014492753
CH Morris,Middle,142,128,110.9375
CH Morris,Powerplay,19,9,211.11111111111111
CJ Anderson,Death,142,77,184.41558441558442
CJ Anderson,Middle,331,273,121.24542124542124
CJ Anderson,Powerplay,65,86,75.5813953488372
CJ Ferguson,Death,17,17,100.0
CJ Ferguson,Middle,59,70,84.28571428571429
CJ Ferguson,Powerplay,22,32,68.75
CJ Jordan,Death,69,59,116.94915254237289
CJ Jordan,Middle,12,22,54.54545454545454
CJ McKay,Middle,8,15,53.333333333333336
CK Kapugedera,Death,13,18,72.22222222222221
CK Kapugedera,Middle,3,6,50.0
CK Langeveldt,Death,1,3,33.33333333333333
CK Langeveldt,Middle,7,6,116.66666666666667
CL White,Death,283,154,183.76623376623377
CL White,Middle,548,459,119.38997821350763
CL White,Powerplay,140,161,86.95652173913044
CM Gautam,Death,45,37,121.62162162162163
CM Gautam,Middle,49,51,96.07843137254902
CM Gautam,Powerplay,75,70,107.14285714285714
CR Brathwaite,Death,141,77,183.11688311688312
CR Brathwaite,Middle,40,43,93.02325581395348
CR Woakes,Death,52,47,110.63829787234043
CR Woakes,Middle,26,30,86.66666666666667
CRD Fernando,Death,4,3,133.33333333333331
CV Varun,Death,30,45,66.66666666666666
CV Varun,Middle,1,11,9.090909090909092
D Brevis,Death,55,28,196.42857142857142
D Brevis,Middle,423,293,144.36860068259386
D Brevis,Powerplay,128,111,115.31531531531532
D Ferreira,Death,165,73,226.027397260274
D Ferreira,Middle,137,106,129.24528301886792
D Ferreira,Powerplay,24,16,150.0
D Kalyankrishna,Death,3,8,37.5
D Padikkal,Death,88,66,133.33333333333331
D Padikkal,Middle,952,768,123.95833333333333
D Padikkal,Powerplay,1230,945,130.15873015873015
D Pretorius,Death,34,22,154.54545454545453
D Pretorius,Middle,10,6,166.66666666666669
D Salunkhe,Death,25,17,147.05882352941177
D Salunkhe,Middle,8,7,114.28571428571428
D Wiese,Death,109,72,151.38888888888889
D Wiese,Middle,39,33,118.18181818181819
D du Preez,Death,3,5,60.0
D du Preez,Middle,7,8,87.5
DA Miller,Death,1161,683,169.98535871156662
DA Miller,Middle,1955,1557,125.56197816313424
DA Miller,Powerplay,172,201,85.57213930348259
DA Payne,Death,6,5,120.0
DA Warner,Death,415,238,174.36974789915968
DA Warner,Middle,2504,1816,137.88546255506608
DA Warner,Powerplay,3648,2795,130.51878354203936
DAJ Bracewell,Death,12,9,133.33333333333331
DB Das,Death,106,84,126.19047619047619
DB Das,Middle,132,124,106.4516129032258
DB Das,Powerplay,66,59,111.86440677966101
DB Ravi Teja,Death,122,91,134.06593406593404
DB Ravi Teja,Middle,188,163,115.33742331288343
DB Ravi Teja,Powerplay,65,71,91.54929577464789
DE Bollinger,Death,21,23,91.30434782608695
DG Nalkande,Death,0,1,0.0
DG Nalkande,Middle,12,11,109.09090909090908
DH Yagnik,Death,92,71,129.5774647887324
DH Yagnik,Middle,78,69,113.04347826086956
DH Yagnik,Powerplay,0,2,0.0
DJ Bravo,Death,800,444,180.18018018018017
DJ Bravo,Middle,611,645,94.72868217054263
DJ Bravo,Powerplay,149,158,94.30379746835443
DJ Harris,Middle,46,28,164.28571428571428
DJ Harris,Powerplay,65,75,86.66666666666667
DJ Hooda,Death,348,248,140.3225806451613
DJ Hooda,Middle,944,743,127.05248990578735
DJ Hooda,Powerplay,205,222,92.34234234234235
DJ Hussey,Death,277,161,172.0496894409938
DJ Hussey,Middle,878,774,113.43669250645996
DJ Hussey,Powerplay,167,166,100.60240963855422
DJ Jacobs,Middle,8,6,133.33333333333331
DJ Jacobs,Powerplay,84,95,88.42105263157895
DJ Malan,Middle,23,22,104.54545454545455
DJ Malan,Powerplay,3,4,75.0
DJ Mitchell,Death,38,31,122.58064516129032
DJ Mitchell,Middle,178,143,124.47552447552448
DJ Mitchell,Powerplay,135,100,135.0
DJ Muthuswami,Death,1,3,33.33333333333333
DJ Thornely,Middle,31,25,124.0
DJ Thornely,Powerplay,8,29,27.586206896551722
DJ Willey,Death,21,17,123.52941176470588
DJ Willey,Middle,23,32,71.875
DJ Willey,Powerplay,9,15,60.0
DJG Sammy,Death,112,76,147.36842105263156
DJG Sammy,Middle,169,164,103.04878048780488
DJG Sammy,Powerplay,14,11,127.27272727272727
DJM Short,Middle,58,31,187.09677419354838
DJM Short,Powerplay,57,71,80.28169014084507
DL Chahar,Death,73,62,117.74193548387098
DL Chahar,Middle,69,41,168.29268292682926
DL Chahar,Powerplay,0,2,0.0
DL Vettori,Death,61,53,115.09433962264151
DL Vettori,Middle,60,65,92.3076923076923
DM Bravo,Death,6,5,120.0
DNT Zoysa,Death,10,8,125.0
DNT Zoysa,Middle,1,1,100.0
DP Conway,Death,73,48,152.08333333333331
DP Conway,Middle,493,322,153.1055900621118
DP Conway,Powerplay,514,424,121.22641509433963
DP Nannes,Death,1,5,20.0
DP Nannes,Middle,3,8,37.5
DP Vijaykumar,Death,1,1,100.0
DPMD Jayawardene,Death,313,185,169.1891891891892
DPMD Jayawardene,Middle,806,719,112.10013908205842
DPMD Jayawardene,Powerplay,689,618,111.48867313915858
DR Martyn,Death,4,3,133.33333333333331
DR Martyn,Middle,13,19,68.42105263157895
DR Martyn,Powerplay,2,4,50.0
DR Sams,Death,24,20,120.0
DR Sams,Middle,19,21,90.47619047619048
DR Sams,Powerplay,1,7,14.285714285714285
DR Shorey,Middle,13,20,65.0
DR Smith,Death,115,77,149.35064935064935
DR Smith,Middle,905,598,151.33779264214047
DR Smith,Powerplay,1365,1128,121.01063829787233
DS Kulkarni,Death,97,96,101.04166666666667
DS Kulkarni,Middle,7,17,41.17647058823529
DS Lehmann,Middle,13,15,86.66666666666667
DS Lehmann,Powerplay,5,4,125.0
DS Rathi,Death,3,9,33.33333333333333
DT Christian,Death,261,195,133.84615384615384
DT Christian,Middle,194,199,97.48743718592965
DT Christian,Powerplay,5,14,35.714285714285715
DT Patil,Middle,13,13,100.0
DV Malewar,Powerplay,2,5,40.0
DW Steyn,Death,158,140,112.85714285714286
DW Steyn,Middle,9,23,39.130434782608695
Dhruv Jurel,Death,409,239,171.12970711297072
Dhruv Jurel,Middle,588,424,138.67924528301887
Dhruv Jurel,Powerplay,198,138,143.47826086956522
E Lewis,Death,24,18,133.33333333333331
E Lewis,Middle,198,161,122.98136645962734
E Lewis,Powerplay,432,320,135.0
E Malinga,Death,4,10,40.0
E Malinga,Middle,3,8,37.5
EJG Morgan,Death,404,253,159.68379446640319
EJG Morgan,Middle,763,664,114.90963855421687
EJG Morgan,Powerplay,239,264,90.53030303030303
ER Dwivedi,Death,19,9,211.11111111111111
ER Dwivedi,Powerplay,5,6,83.33333333333334
F Behardien,Death,14,12,116.66666666666667
F Behardien,Middle,0,1,0.0
F du Plessis,Death,416,220,189.0909090909091
F du Plessis,Middle,1837,1456,126.16758241758241
F du Plessis,Powerplay,2520,1929,130.63763608087092
FA Allen,Death,4,7,57.14285714285714
FA Allen,Middle,10,12,83.33333333333334
FH Allen,Middle,127,43,295.3488372093023
FH Allen,Powerplay,222,125,177.6
FH Edwards,Death,4,5,80.0
FY Fazal,Death,36,30,120.0
FY Fazal,Middle,60,57,105.26315789473684
FY Fazal,Powerplay,87,92,94.56521739130434
Fazalhaq Farooqi,Death,5,15,33.33333333333333
G Coetzee,Death,21,21,100.0
G Coetzee,Middle,10,12,83.33333333333334
G Gambhir,Death,172,127,135.43307086614175
G Gambhir,Middle,1506,1221,123.34152334152336
G Gambhir,Powerplay,2539,2176,116.68198529411764
GB Hogg,Death,22,22,100.0
GC Smith,Death,36,24,150.0
GC Smith,Middle,291,218,133.4862385321101
GC Smith,Powerplay,412,449,91.75946547884188
GC Viljoen,Death,3,7,42.857142857142854
GD McGrath,Death,0,2,0.0
GD McGrath,Middle,4,3,133.33333333333331
GD Phillips,Death,74,42,176.19047619047618
GD Phillips,Middle,46,50,92.0
GD Phillips,Powerplay,12,20,60.0
GF Linde,Death,31,21,147.61904761904762
GH Vihari,Death,55,53,103.77358490566037
GH Vihari,Middle,153,168,91.07142857142857
GH Vihari,Powerplay,76,110,69.0909090909091
GHS Garton,Death,2,4,50.0
GJ Bailey,Death,287,158,181.64556962025316
GJ Bailey,Middle,215,227,94.7136563876652
GJ Bailey,Powerplay,161,167,96.40718562874252
GJ Maxwell,Death,446,254,175.59055118110237
GJ Maxwell,Middle,1800,1199,150.1251042535446
GJ Maxwell,Powerplay,574,443,129.57110609480813
GR Napier,Middle,15,16,93.75
Gulbadin Naib,Death,8,8,100.0
Gulbadin Naib,Middle,11,7,157.14285714285714
Gurkeerat Singh,Death,201,130,154.6153846153846
Gurkeerat Singh,Middle,262,251,104.38247011952191
Gurkeerat Singh,Powerplay,48,55,87.27272727272727
H Das,Death,2,5,40.0
H Klaasen,Death,571,294,194.21768707482994
H Klaasen,Middle,1371,897,152.84280936454851
H Klaasen,Powerplay,162,129,125.5813953488372
HC Brook,Death,29,22,131.8181818181818
HC Brook,Middle,60,42,142.85714285714286
HC Brook,Powerplay,101,95,106.3157894736842
HE van der Dussen,Death,12,10,120.0
HE van der Dussen,Middle,9,14,64.28571428571429
HE van der Dussen,Powerplay,1,1,100.0
HF Gurney,Death,1,5,20.0
HH Gibbs,Death,61,36,169.44444444444443
HH Gibbs,Middle,323,294,109.8639455782313
HH Gibbs,Powerplay,502,507,99.0138067061144
HH Pandya,Death,1290,754,171.08753315649867
HH Pandya,Middle,1421,1113,127.67295597484276
HH Pandya,Powerplay,253,249,101.60642570281124
HM Amla,Death,81,40,202.5
HM Amla,Middle,215,146,147.26027397260273
HM Amla,Powerplay,281,232,121.12068965517241
HR Shokeen,Death,18,17,105.88235294117648
HR Shokeen,Middle,47,42,111.90476190476191
HR Shokeen,Powerplay,1,8,12.5
HV Patel,Death,191,152,125.6578947368421
HV Patel,Middle,89,98,90.81632653061224
Harbhajan Singh,Death,581,390,148.97435897435898
Harbhajan Singh,Middle,179,177,101.12994350282484
Harbhajan Singh,Powerplay,73,69,105.79710144927536
Harmeet Singh,Death,18,12,150.0
Harpreet Brar,Death,186,143,130.06993006993005
Harpreet Brar,Middle,63,74,85.13513513513513
Harpreet Singh,Death,24,27,88.88888888888889
Harpreet Singh,Middle,66,58,113.79310344827587
Harpreet Singh,Powerplay,33,34,97.05882352941177
Harsh Dubey,Death,13,11,118.18181818181819
Harshit Rana,Death,28,33,84.84848484848484
Harshit Rana,Middle,31,24,129.16666666666669
Himmat Singh,Death,50,34,147.05882352941177
Himmat Singh,Middle,42,40,105.0
I Malhotra,Death,7,4,175.0
I Sharma,Death,44,55,80.0
I Sharma,Middle,13,16,81.25
I Udana,Death,15,11,136.36363636363635
IC Pandey,Death,0,2,0.0
IK Pathan,Death,563,380,148.1578947368421
IK Pathan,Middle,488,518,94.20849420849422
IK Pathan,Powerplay,99,87,113.79310344827587
IR Jaggi,Death,12,14,85.71428571428571
IR Jaggi,Middle,35,38,92.10526315789474
IR Jaggi,Powerplay,29,48,60.416666666666664
IS Sodhi,Death,2,7,28.57142857142857
IS Sodhi,Middle,5,11,45.45454545454545
Imran Tahir,Death,29,27,107.40740740740742
Imran Tahir,Middle,4,10,40.0
Iqbal Abdulla,Death,59,52,113.46153846153845
Iqbal Abdulla,Middle,29,34,85.29411764705883
Ishan Kishan,Death,290,155,187.09677419354838
Ishan Kishan,Middle,1624,1114,145.78096947935367
Ishan Kishan,Powerplay,1686,1310,128.70229007633586
J Arunkumar,Powerplay,23,24,95.83333333333334
J Botha,Death,135,98,137.75510204081633
J Botha,Middle,217,193,112.43523316062176
J Botha,Powerplay,57,73,78.08219178082192
J Fraser-McGurk,Middle,60,40,150.0
J Fraser-McGurk,Powerplay,325,163,199.38650306748465
J Overton,Death,92,61,150.81967213114754
J Overton,Middle,59,37,159.45945945945945
J Suchith,Death,46,27,170.37037037037038
J Suchith,Middle,24,35,68.57142857142857
J Syed Mohammad,Death,20,16,125.0
J Syed Mohammad,Middle,9,11,81.81818181818183
J Theron,Death,10,13,76.92307692307693
J Yadav,Death,25,26,96.15384615384616
J Yadav,Middle,15,12,125.0
JA Morkel,Death,571,368,155.16304347826087
JA Morkel,Middle,376,320,117.5
JA Morkel,Powerplay,28,24,116.66666666666667
JA Richardson,Death,2,4,50.0
JA Richardson,Middle,15,19,78.94736842105263
JA Richardson,Powerplay,0,4,0.0
JC Archer,Death,245,159,154.08805031446542
JC Archer,Middle,81,69,117.3913043478261
JC Archer,Powerplay,0,4,0.0
JC Buttler,Death,556,299,185.95317725752508
JC Buttler,Middle,2006,1361,147.39162380602497
JC Buttler,Powerplay,2085,1548,134.68992248062014
JD Ryder,Death,28,19,147.36842105263156
JD Ryder,Middle,117,89,131.46067415730337
JD Ryder,Powerplay,459,358,128.2122905027933
JD Unadkat,Death,152,121,125.6198347107438
JD Unadkat,Middle,49,52,94.23076923076923
JDP Oram,Death,50,37,135.13513513513513
JDP Oram,Middle,56,73,76.71232876712328
JDS Neesham,Death,32,36,88.88888888888889
JDS Neesham,Middle,60,57,105.26315789473684
JE Root,Powerplay,10,15,66.66666666666666
JE Taylor,Death,3,4,75.0
JEC Franklin,Death,78,52,150.0
JEC Franklin,Middle,163,151,107.94701986754967
JEC Franklin,Powerplay,86,106,81.13207547169812
JG Bethell,Middle,23,23,100.0
JG Bethell,Powerplay,140,97,144.3298969072165
JH Kallis,Death,303,159,190.56603773584905
JH Kallis,Middle,967,962,100.51975051975053
JH Kallis,Powerplay,1157,1170,98.88888888888889
JJ Bumrah,Death,64,81,79.01234567901234
JJ Bumrah,Middle,11,8,137.5
JJ Roy,Death,34,20,170.0
JJ Roy,Middle,176,119,147.89915966386556
JJ Roy,Powerplay,404,321,125.85669781931463
JJ van der Wath,Death,14,12,116.66666666666667
JJ van der Wath,Middle,4,5,80.0
JL Denly,Powerplay,0,1,0.0
JL Pattinson,Death,15,13,115.38461538461537
JM Bairstow,Death,45,29,155.17241379310346
JM Bairstow,Middle,614,431,142.45939675174014
JM Bairstow,Powerplay,1015,721,140.7766990291262
JM Kemp,Death,3,7,42.857142857142854
JM Kemp,Middle,14,12,116.66666666666667
JM Kemp,Powerplay,9,6,150.0
JM Sharma,Death,354,207,171.0144927536232
JM Sharma,Middle,712,499,142.68537074148298
JM Sharma,Powerplay,41,46,89.13043478260869
JO Holder,Death,204,160,127.49999999999999
JO Holder,Middle,107,88,121.59090909090908
JO Holder,Powerplay,13,24,54.166666666666664
JP Behrendorff,Death,6,9,66.66666666666666
JP Duminy,Death,712,402,177.1144278606965
JP Duminy,Middle,1019,960,106.14583333333334
JP Duminy,Powerplay,298,318,93.71069182389937
JP Faulkner,Death,389,247,157.48987854251013
JP Faulkner,Middle,124,139,89.20863309352518
JP Faulkner,Powerplay,14,20,70.0
JP Inglis,Death,27,19,142.10526315789474
JP Inglis,Middle,182,121,150.4132231404959
JP Inglis,Powerplay,335,188,178.19148936170214
JPR Scantlebury-Searles,Death,8,6,133.33333333333331
JR Hazlewood,Death,16,19,84.21052631578947
JR Hazlewood,Middle,3,12,25.0
JR Hopes,Death,53,38,139.4736842105263
JR Hopes,Middle,175,121,144.62809917355372
JR Hopes,Powerplay,189,155,121.93548387096773
JR Philippe,Death,1,2,50.0
JR Philippe,Middle,16,15,106.66666666666667
JR Philippe,Powerplay,61,63,96.82539682539682
Jaskaran Singh,Death,7,9,77.77777777777779
Jaskaran Singh,Middle,1,2,50.0
Joginder Sharma,Death,29,23,126.08695652173914
Joginder Sharma,Middle,7,7,100.0
K Goel,Death,24,25,96.0
K Goel,Middle,30,41,73.17073170731707
K Goel,Powerplay,164,173,94.79768786127167
K Gowtham,Death,152,89,170.78651685393257
K Gowtham,Middle,87,62,140.3225806451613
K Gowtham,Powerplay,8,8,100.0
K Kartikeya,Death,9,11,81.81818181818183
K Kartikeya,Middle,3,7,42.857142857142854
K Rabada,Death,172,143,120.27972027972027
K Rabada,Middle,87,107,81.30841121495327
K Rabada,Powerplay,3,6,50.0
K Upadhyay,Death,12,9,133.33333333333331
K Yadav,Death,0,4,0.0
KA Jamieson,Death,45,32,140.625
KA Jamieson,Middle,32,42,76.19047619047619
KA Maharaj,Death,1,2,50.0
KA Pollard,Death,1708,994,171.83098591549296
KA Pollard,Middle,1647,1358,121.28129602356405
KA Pollard,Powerplay,82,95,86.31578947368422
KAJ Roach,Death,1,4,25.0
KAJ Roach,Middle,9,5,180.0
KB Arun Karthik,Death,25,30,83.33333333333334
KB Arun Karthik,Middle,26,23,113.04347826086956
KC Cariappa,Death,12,13,92.3076923076923
KC Cariappa,Middle,12,8,150.0
KC Sangakkara,Death,142,93,152.68817204301075
KC Sangakkara,Middle,921,752,122.47340425531914
KC Sangakkara,Powerplay,624,579,107.7720207253886
KD Karthik,Death,1565,881,177.63904653802499
KD Karthik,Middle,2696,2211,121.93577566711895
KD Karthik,Powerplay,582,595,97.81512605042016
KH Pandya,Death,642,429,149.65034965034965
KH Pandya,Middle,1209,979,123.49336057201225
KH Pandya,Powerplay,131,131,100.0
KJ Abbott,Death,13,7,185.71428571428572
KJ Abbott,Middle,0,1,0.0
KK Ahmed,Death,2,9,22.22222222222222
KK Cooper,Death,67,34,197.05882352941177
KK Cooper,Middle,38,27,140.74074074074073
KK Cooper,Powerplay,11,9,122.22222222222223
KK Nair,Death,211,114,185.08771929824562
KK Nair,Middle,780,626,124.60063897763578
KK Nair,Powerplay,721,592,121.79054054054055
KL Nagarkoti,Death,15,19,78.94736842105263
KL Nagarkoti,Middle,7,15,46.666666666666664
KL Rahul,Death,681,387,175.96899224806202
KL Rahul,Middle,2402,1702,141.12808460634548
KL Rahul,Powerplay,2745,2213,124.03976502485314
KM Asif,Middle,0,2,0.0
KM Jadhav,Death,466,338,137.8698224852071
KM Jadhav,Middle,635,548,115.87591240875912
KM Jadhav,Powerplay,107,126,84.92063492063492
KMA Paul,Death,18,20,90.0
KMA Paul,Middle,0,6,0.0
KMDN Kulasekara,Death,5,3,166.66666666666669
KP Appanna,Death,2,4,50.0
KP Pietersen,Death,110,56,196.42857142857142
KP Pietersen,Middle,421,332,126.80722891566265
KP Pietersen,Powerplay,470,370,127.02702702702702
KR Mayers,Middle,78,47,165.95744680851064
KR Mayers,Powerplay,301,229,131.4410480349345
KR Sen,Death,0,3,0.0
KS Bharat,Death,26,14,185.71428571428572
KS Bharat,Middle,87,72,120.83333333333333
KS Bharat,Powerplay,86,82,104.8780487804878
KS Rathore,Powerplay,0,5,0.0
KS Sharma,Middle,5,8,62.5
KS Sharma,Powerplay,11,17,64.70588235294117
KS Williamson,Death,339,211,160.66350710900474
KS Williamson,Middle,1209,913,132.42059145673605
KS Williamson,Powerplay,584,610,95.73770491803279
KT Maphaka,Death,8,3,266.66666666666663
KV Sharma,Death,228,170,134.1176470588235
KV Sharma,Middle,114,122,93.44262295081968
KV Sharma,Powerplay,10,15,66.66666666666666
KW Richardson,Death,12,16,75.0
KW Richardson,Middle,24,23,104.34782608695652
Kamran Akmal,Death,20,12,166.66666666666669
Kamran Akmal,Middle,57,24,237.5
Kamran Akmal,Powerplay,51,42,121.42857142857142
Kamran Khan,Middle,3,5,60.0
Karanveer Singh,Death,8,10,80.0
Karanveer Singh,Middle,4,7,57.14285714285714
Kartik Sharma,Death,48,29,165.51724137931035
Kartik Sharma,Middle,185,142,130.2816901408451
Kartik Sharma,Powerplay,62,49,126.53061224489797
Kartik Tyagi,Death,19,20,95.0
Kartik Tyagi,Middle,5,6,83.33333333333334
Krish Bhagat,Death,3,10,30.0
Krish Bhagat,Middle,7,11,63.63636363636363
Kuldeep Yadav,Death,168,189,88.88888888888889
Kuldeep Yadav,Middle,42,74,56.75675675675676
Kumar Kushagra,Death,0,1,0.0
Kumar Kushagra,Middle,1,4,25.0
Kumar Kushagra,Powerplay,20,16,125.0
L Ablish,Death,0,2,0.0
L Balaji,Death,32,41,78.04878048780488
L Balaji,Middle,4,9,44.44444444444444
L Ngidi,Death,4,9,44.44444444444444
L Ronchi,Powerplay,34,37,91.8918918918919
L Wood,Death,9,3,300.0
LA Carseldine,Death,18,11,163.63636363636365
LA Carseldine,Middle,20,19,105.26315789473684
LA Carseldine,Powerplay,43,41,104.8780487804878
LA Pomersbach,Death,59,35,168.57142857142858
LA Pomersbach,Middle,127,125,101.6
LA Pomersbach,Powerplay,116,91,127.47252747252746
LB Williams,Death,1,2,50.0
LE Plunkett,Death,1,3,33.33333333333333
LG Pretorius,Middle,7,6,116.66666666666667
LG Pretorius,Powerplay,0,2,0.0
LH Ferguson,Death,69,44,156.8181818181818
LH Ferguson,Middle,3,5,60.0
LJ Wright,Death,72,32,225.0
LJ Wright,Middle,25,21,119.04761904761905
LJ Wright,Powerplay,9,10,90.0
LMP Simmons,Death,32,26,123.07692307692308
LMP Simmons,Middle,444,319,139.18495297805643
LMP Simmons,Powerplay,603,533,113.13320825515947
LPC Silva,Death,23,10,229.99999999999997
LPC Silva,Middle,3,7,42.857142857142854
LPC Silva,Powerplay,14,10,140.0
LR Shukla,Death,189,137,137.95620437956205
LR Shukla,Middle,209,209,100.0
LR Shukla,Powerplay,7,12,58.333333333333336
LRPL Taylor,Death,224,141,158.86524822695037
LRPL Taylor,Middle,597,546,109.34065934065933
LRPL Taylor,Powerplay,196,160,122.50000000000001
LS Livingstone,Death,242,123,196.7479674796748
LS Livingstone,Middle,620,441,140.58956916099774
LS Livingstone,Powerplay,204,161,126.70807453416148
Lalit Yadav,Death,80,72,111.11111111111111
Lalit Yadav,Middle,194,184,105.43478260869566
Lalit Yadav,Powerplay,31,45,68.88888888888889
Liton Das,Powerplay,4,4,100.0
M Ashwin,Death,28,32,87.5
M Ashwin,Middle,7,18,38.88888888888889
M Jansen,Death,127,122,104.0983606557377
M Jansen,Middle,64,63,101.58730158730158
M Jansen,Powerplay,1,1,100.0
M Kaif,Death,36,31,116.12903225806453
M Kaif,Middle,189,176,107.38636363636364
M Kaif,Powerplay,34,51,66.66666666666666
M Kartik,Death,70,69,101.44927536231884
M Kartik,Middle,43,40,107.5
M Klinger,Middle,16,17,94.11764705882352
M Klinger,Powerplay,57,61,93.44262295081968
M Manhas,Death,204,154,132.46753246753246
M Manhas,Middle,248,258,96.12403100775194
M Manhas,Powerplay,62,74,83.78378378378379
M Markande,Death,45,36,125.0
M Markande,Middle,3,8,37.5
M Morkel,Death,116,78,148.71794871794873
M Morkel,Middle,10,15,66.66666666666666
M Muralitharan,Death,20,30,66.66666666666666
M Ntini,Death,11,19,57.89473684210527
M Prasidh Krishna,Death,15,31,48.38709677419355
M Rawat,Death,35,38,92.10526315789474
M Rawat,Middle,20,30,66.66666666666666
M Rawat,Powerplay,0,2,0.0
M Shahrukh Khan,Death,329,209,157.41626794258374
M Shahrukh Khan,Middle,407,307,132.57328990228012
M Shahrukh Khan,Powerplay,39,35,111.42857142857143
M Theekshana,Death,14,21,66.66666666666666
M Theekshana,Middle,3,13,23.076923076923077
M Tiwari,Death,18,8,225.0
M Tiwari,Middle,3,4,75.0
M Vijay,Death,74,45,164.44444444444443
M Vijay,Middle,834,605,137.8512396694215
M Vijay,Powerplay,1711,1558,109.82028241335044
M Vohra,Death,36,18,200.0
M Vohra,Middle,296,216,137.03703703703704
M Vohra,Powerplay,751,629,119.39586645468998
M de Lange,Death,1,2,50.0
MA Agarwal,Death,192,90,213.33333333333334
MA Agarwal,Middle,1021,729,140.05486968449932
MA Agarwal,Powerplay,1551,1327,116.88018085908062
MA Khote,Death,12,13,92.3076923076923
MA Khote,Middle,12,9,133.33333333333331
MA Starc,Death,68,79,86.07594936708861
MA Starc,Middle,43,43,100.0
MA Wood,Death,11,9,122.22222222222223
MA Wood,Middle,1,1,100.0
MC Henriques,Death,290,167,173.65269461077844
MC Henriques,Middle,460,422,109.00473933649289
MC Henriques,Powerplay,250,212,117.9245283018868
MC Juneja,Death,5,9,55.55555555555556
MC Juneja,Middle,94,98,95.91836734693877
MC Juneja,Powerplay,26,27,96.29629629629629
MD Choudhary,Death,98,60,163.33333333333334
MD Choudhary,Middle,72,62,116.12903225806453
MD Mishra,Death,23,15,153.33333333333334
MD Mishra,Middle,70,59,118.64406779661016
MD Mishra,Powerplay,144,139,103.59712230215827
MD Shanaka,Death,19,17,111.76470588235294
MD Shanaka,Middle,68,54,125.92592592592592
MD Shanaka,Powerplay,2,3,66.66666666666666
MDKJ Perera,Powerplay,14,13,107.6923076923077
MEK Hussey,Death,164,88,186.36363636363635
MEK Hussey,Middle,898,669,134.2301943198804
MEK Hussey,Powerplay,915,891,102.6936026936027
MF Maharoof,Death,127,74,171.6216216216216
MF Maharoof,Middle,49,48,102.08333333333333
MF Maharoof,Powerplay,1,2,50.0
MG Bracewell,Death,11,12,91.66666666666666
MG Bracewell,Middle,43,31,138.70967741935485
MG Bracewell,Powerplay,4,6,66.66666666666666
MG Johnson,Death,149,141,105.67375886524823
MG Johnson,Middle,18,27,66.66666666666666
MJ Clarke,Middle,16,19,84.21052631578947
MJ Clarke,Powerplay,82,77,106.49350649350649
MJ Guptill,Middle,37,27,137.03703703703704
MJ Guptill,Powerplay,234,170,137.64705882352942
MJ Henry,Death,2,3,66.66666666666666
MJ Henry,Middle,5,7,71.42857142857143
MJ Lumb,Middle,30,23,130.43478260869566
MJ Lumb,Powerplay,248,175,141.7142857142857
MJ McClenaghan,Death,55,49,112.24489795918366
MJ McClenaghan,Middle,30,23,130.43478260869566
MJ McClenaghan,Powerplay,0,1,0.0
MJ Owen,Powerplay,0,2,0.0
MJ Santner,Death,81,61,132.78688524590163
MJ Santner,Middle,35,44,79.54545454545455
MJ Santner,Powerplay,20,27,74.07407407407408
MJ Suthar,Death,1,2,50.0
MK Lomror,Death,151,117,129.05982905982907
MK Lomror,Middle,338,225,150.2222222222222
MK Lomror,Powerplay,38,47,80.85106382978722
MK Pandey,Death,536,361,148.47645429362882
MK Pandey,Middle,2083,1752,118.89269406392695
MK Pandey,Powerplay,1402,1293,108.43000773395204
MK Tiwary,Death,501,338,148.2248520710059
MK Tiwary,Middle,903,840,107.5
MK Tiwary,Powerplay,291,311,93.56913183279742
ML Hayden,Death,66,36,183.33333333333331
ML Hayden,Middle,355,260,136.53846153846155
ML Hayden,Powerplay,686,543,126.3351749539595
MM Ali,Death,203,123,165.04065040650406
MM Ali,Middle,670,493,135.90263691683572
MM Ali,Powerplay,294,249,118.07228915662651
MM Patel,Death,39,37,105.40540540540539
MM Patel,Middle,0,4,0.0
MM Sharma,Death,74,77,96.1038961038961
MM Sharma,Middle,51,63,80.95238095238095
MN Samuels,Death,19,12,158.33333333333331
MN Samuels,Middle,128,124,103.2258064516129
MN Samuels,Powerplay,14,38,36.84210526315789
MN van Wyk,Death,54,35,154.2857142857143
MN van Wyk,Middle,81,69,117.3913043478261
MN van Wyk,Powerplay,32,31,103.2258064516129
MP Breetzke,Powerplay,14,12,116.66666666666667
MP Stoinis,Death,826,462,178.78787878787878
MP Stoinis,Middle,1011,780,129.6153846153846
MP Stoinis,Powerplay,405,346,117.0520231213873
MP Yadav,Death,5,6,83.33333333333334
MR Marsh,Death,167,115,145.21739130434784
MR Marsh,Middle,721,546,132.05128205128204
MR Marsh,Powerplay,967,630,153.4920634920635
MS Bhandage,Middle,1,4,25.0
MS Bisla,Death,40,25,160.0
MS Bisla,Middle,237,190,124.73684210526316
MS Bisla,Powerplay,521,522,99.80842911877394
MS Dhoni,Death,2936,1655,177.40181268882176
MS Dhoni,Middle,2395,2296,104.31184668989546
MS Dhoni,Powerplay,108,150,72.0
MS Gony,Death,79,54,146.2962962962963
MS Gony,Middle,20,22,90.9090909090909
MS Wade,Middle,60,69,86.95652173913044
MS Wade,Powerplay,123,116,106.03448275862068
MV Boucher,Death,179,114,157.01754385964912
MV Boucher,Middle,188,173,108.67052023121386
MV Boucher,Powerplay,27,31,87.09677419354838
MW Short,Middle,35,36,97.22222222222221
MW Short,Powerplay,142,117,121.36752136752136
Mandeep Singh,Death,326,209,155.98086124401914
Mandeep Singh,Middle,668,574,116.37630662020906
Mandeep Singh,Powerplay,712,635,112.12598425196852
Mashrafe Mortaza,Death,2,2,100.0
Mayank Dagar,Death,0,1,0.0
Misbah-ul-Haq,Death,40,15,266.66666666666663
Misbah-ul-Haq,Middle,48,45,106.66666666666667
Misbah-ul-Haq,Powerplay,29,22,131.8181818181818
Mohammad Ashraful,Powerplay,2,12,16.666666666666664
Mohammad Asif,Death,0,2,0.0
Mohammad Asif,Middle,3,4,75.0
Mohammad Hafeez,Death,5,4,125.0
Mohammad Hafeez,Middle,31,42,73.80952380952381
Mohammad Hafeez,Powerplay,28,38,73.68421052631578
Mohammad Nabi,Death,109,78,139.74358974358972
Mohammad Nabi,Middle,84,62,135.48387096774192
Mohammad Nabi,Powerplay,28,17,164.70588235294116
Mohammed Shami,Death,91,88,103.40909090909092
Mohammed Shami,Middle,24,28,85.71428571428571
Mohammed Siraj,Death,103,116,88.79310344827587
Mohammed Siraj,Middle,14,28,50.0
Mohit Rathee,Death,1,2,50.0
Mohsin Khan,Death,24,22,109.09090909090908
Mohsin Khan,Middle,1,9,11.11111111111111
Mujeeb Ur Rahman,Death,11,12,91.66666666666666
Mujeeb Ur Rahman,Middle,1,3,33.33333333333333
Mukesh Choudhary,Death,2,2,100.0
Mukesh Choudhary,Middle,6,6,100.0
Mukesh Kumar,Death,9,19,47.368421052631575
Mukesh Kumar,Middle,1,1,100.0
Musheer Khan,Middle,0,3,0.0
Mustafizur Rahman,Death,13,21,61.904761904761905
Mustafizur Rahman,Middle,0,3,0.0
N Burger,Death,14,9,155.55555555555557
N Jagadeesan,Death,9,14,64.28571428571429
N Jagadeesan,Middle,75,63,119.04761904761905
N Jagadeesan,Powerplay,78,78,100.0
N Pooran,Death,667,400,166.75
N Pooran,Middle,1530,1012,151.18577075098813
N Pooran,Powerplay,330,217,152.073732718894
N Rana,Death,308,180,171.11111111111111
N Rana,Middle,1801,1246,144.54253611556982
N Rana,Powerplay,969,888,109.12162162162163
N Saini,Death,6,6,100.0
N Saini,Middle,45,40,112.5
N Saini,Powerplay,89,97,91.75257731958763
N Sindhu,Middle,20,20,100.0
N Sindhu,Powerplay,43,31,138.70967741935485
N Wadhera,Death,72,49,146.9387755102041
N Wadhera,Middle,630,452,139.38053097345133
N Wadhera,Powerplay,82,82,100.0
ND Doshi,Death,0,10,0.0
ND Doshi,Middle,0,3,0.0
NJ Maddinson,Powerplay,20,21,95.23809523809523
NJ Rimmington,Death,1,1,100.0
NK Patel,Death,31,19,163.1578947368421
NK Patel,Middle,38,35,108.57142857142857
NK Patel,Powerplay,52,70,74.28571428571429
NL McCullum,Death,18,16,112.5
NL McCullum,Middle,8,7,114.28571428571428
NLTC Perera,Death,215,143,150.34965034965035
NLTC Perera,Middle,187,164,114.02439024390243
NLTC Perera,Powerplay,22,19,115.78947368421053
NM Coulter-Nile,Death,68,56,121.42857142857142
NM Coulter-Nile,Middle,14,19,73.68421052631578
NS Naik,Death,11,16,68.75
NS Naik,Middle,13,20,65.0
NS Naik,Powerplay,7,17,41.17647058823529
NT Ellis,Death,18,17,105.88235294117648
NT Ellis,Middle,1,9,11.11111111111111
NV Ojha,Death,313,229,136.6812227074236
NV Ojha,Middle,700,564,124.11347517730495
NV Ojha,Powerplay,541,567,95.41446208112875
Naman Dhir,Death,267,130,205.38461538461536
Naman Dhir,Middle,240,174,137.93103448275863
Naman Dhir,Powerplay,203,140,145.0
Navdeep Saini,Death,27,24,112.5
Navdeep Saini,Middle,6,13,46.15384615384615
Navdeep Saini,Powerplay,0,1,0.0
Naveen-ul-Haq,Death,16,20,80.0
Naveen-ul-Haq,Middle,2,6,33.33333333333333
Nithish Kumar Reddy,Death,189,97,194.84536082474227
Nithish Kumar Reddy,Middle,498,353,141.07648725212465
Nithish Kumar Reddy,Powerplay,100,116,86.20689655172413
Noor Ahmad,Death,26,36,72.22222222222221
Noor Ahmad,Middle,5,23,21.73913043478261
OA Shah,Death,202,138,146.3768115942029
OA Shah,Middle,274,238,115.12605042016806
OA Shah,Powerplay,30,29,103.44827586206897
OC McCoy,Death,8,5,160.0
OF Smith,Death,46,36,127.77777777777777
OF Smith,Middle,5,14,35.714285714285715
P Awana,Death,5,14,35.714285714285715
P Chopra,Middle,8,6,133.33333333333331
P Dogra,Death,50,44,113.63636363636364
P Dogra,Middle,77,97,79.38144329896907
P Dubey,Death,7,14,50.0
P Dubey,Middle,16,19,84.21052631578947
P Kumar,Death,271,250,108.4
P Kumar,Middle,63,65,96.92307692307692
P Kumar,Powerplay,6,8,75.0
P Negi,Death,226,166,136.14457831325302
P Negi,Middle,134,127,105.51181102362204
P Negi,Powerplay,5,8,62.5
P Nissanka,Middle,32,25,128.0
P Nissanka,Powerplay,246,155,158.70967741935485
P Parameswaran,Death,1,3,33.33333333333333
P Ray Barman,Middle,19,25,76.0
P Sahu,Death,19,13,146.15384615384613
P Simran Singh,Death,60,37,162.16216216216216
P Simran Singh,Middle,548,323,169.65944272445822
P Simran Singh,Powerplay,1257,860,146.1627906976744
PA Patel,Death,63,46,136.95652173913044
PA Patel,Middle,727,626,116.13418530351439
PA Patel,Powerplay,2058,1770,116.27118644067798
PA Reddy,Death,6,2,300.0
PA Reddy,Middle,48,45,106.66666666666667
PA Reddy,Powerplay,110,120,91.66666666666666
PBB Rajapaksa,Death,2,4,50.0
PBB Rajapaksa,Middle,158,118,133.89830508474577
PBB Rajapaksa,Powerplay,117,79,148.1012658227848
PC Valthaty,Death,27,13,207.6923076923077
PC Valthaty,Middle,152,106,143.39622641509433
PC Valthaty,Powerplay,326,313,104.15335463258786
PD Collingwood,Death,66,37,178.3783783783784
PD Collingwood,Middle,101,90,112.22222222222223
PD Collingwood,Powerplay,36,32,112.5
PD Salt,Death,24,11,218.18181818181816
PD Salt,Middle,322,179,179.88826815642457
PD Salt,Powerplay,912,556,164.02877697841726
PHKD Mendis,Death,14,15,93.33333333333333
PHKD Mendis,Middle,56,44,127.27272727272727
PHKD Mendis,Powerplay,22,13,169.23076923076923
PJ Cummins,Death,370,243,152.2633744855967
PJ Cummins,Middle,271,189,143.3862433862434
PJ Cummins,Powerplay,1,5,20.0
PJ Sangwan,Death,22,37,59.45945945945946
PJ Sangwan,Middle,4,10,40.0
PK Garg,Death,55,33,166.66666666666669
PK Garg,Middle,160,152,105.26315789473684
PK Garg,Powerplay,58,62,93.54838709677419
PM Sarvesh Kumar,Death,1,2,50.0
PN Mankad,Death,14,10,140.0
PN Mankad,Middle,36,24,150.0
PN Mankad,Powerplay,47,41,114.6341463414634
PP Chawla,Death,403,337,119.5845697329377
PP Chawla,Middle,205,229,89.51965065502183
PP Chawla,Powerplay,16,14,114.28571428571428
PP Hinge,Death,0,1,0.0
PP Hinge,Middle,3,8,37.5
PP Ojha,Death,16,42,38.095238095238095
PP Ojha,Middle,0,3,0.0
PP Shaw,Death,18,12,150.0
PP Shaw,Middle,444,281,158.00711743772243
PP Shaw,Powerplay,1430,1028,139.10505836575874
PR Shah,Death,19,20,95.0
PR Shah,Middle,37,37,100.0
PR Shah,Powerplay,36,40,90.0
PR Veer,Death,47,43,109.30232558139534
PR Veer,Middle,43,28,153.57142857142858
PR Veer,Powerplay,0,1,0.0
PSP Handscomb,Middle,6,12,50.0
PV Tambe,Death,12,28,42.857142857142854
PV Tambe,Middle,6,11,54.54545454545454
PVD Chameera,Death,46,39,117.94871794871796
PVD Chameera,Middle,7,10,70.0
PVSN Raju,Death,1,1,100.0
PWA Mulder,Death,8,8,100.0
PWA Mulder,Middle,1,4,25.0
PWH de Silva,Death,43,43,100.0
PWH de Silva,Middle,38,52,73.07692307692307
Pankaj Singh,Death,7,12,58.333333333333336
Parvez Rasool,Death,17,20,85.0
Prince Yadav,Death,5,12,41.66666666666667
Priyansh Arya,Middle,194,94,206.38297872340425
Priyansh Arya,Powerplay,715,397,180.1007556675063
Q de Kock,Death,150,79,189.873417721519
Q de Kock,Middle,1121,817,137.2093023255814
Q de Kock,Powerplay,2173,1722,126.19047619047619
R Ashwin,Death,421,329,127.96352583586625
R Ashwin,Middle,325,313,103.8338658146965
R Ashwin,Powerplay,87,86,101.16279069767442
R Bhatia,Death,229,151,151.65562913907286
R Bhatia,Middle,112,138,81.15942028985508
R Bhatia,Powerplay,1,1,100.0
R Bishnoi,Death,1,2,50.0
R Bishnoi,Middle,0,1,0.0
R Bishnoi,Powerplay,18,14,128.57142857142858
R Dhawan,Death,140,102,137.2549019607843
R Dhawan,Middle,70,86,81.3953488372093
R Dravid,Death,160,90,177.77777777777777
R Dravid,Middle,963,815,118.15950920245399
R Dravid,Powerplay,1051,1013,103.751233958539
R McLaren,Death,55,50,110.00000000000001
R McLaren,Middle,87,103,84.46601941747572
R McLaren,Powerplay,17,25,68.0
R Minz,Death,6,4,150.0
R Minz,Middle,6,16,37.5
R Ninan,Death,3,6,50.0
R Parag,Death,417,274,152.18978102189783
R Parag,Middle,1213,885,137.06214689265536
R Parag,Powerplay,249,200,124.50000000000001
R Powell,Death,245,136,180.14705882352942
R Powell,Middle,285,252,113.09523809523809
R Powell,Powerplay,25,21,119.04761904761905
R Rampaul,Death,29,31,93.54838709677419
R Rampaul,Middle,22,21,104.76190476190477
R Ravindra,Death,21,6,350.0
R Ravindra,Middle,86,61,140.98360655737704
R Ravindra,Powerplay,306,231,132.46753246753246
R Sai Kishore,Death,17,13,130.76923076923077
R Sai Kishore,Middle,1,3,33.33333333333333
R Sanjay Yadav,Death,0,2,0.0
R Sathish,Death,143,103,138.83495145631068
R Sathish,Middle,127,126,100.79365079365078
R Sathish,Powerplay,0,7,0.0
R Sharma,Death,54,69,78.26086956521739
R Sharma,Middle,12,8,150.0
R Shepherd,Death,181,96,188.54166666666669
R Shepherd,Middle,87,65,133.84615384615384
R Shukla,Death,16,20,80.0
R Shukla,Middle,3,3,100.0
R Smaran,Death,5,2,250.0
R Smaran,Middle,4,4,100.0
R Smaran,Powerplay,10,19,52.63157894736842
R Tewatia,Death,791,494,160.12145748987854
R Tewatia,Middle,497,477,104.19287211740043
R Tewatia,Powerplay,14,23,60.86956521739131
R Vinay Kumar,Death,239,207,115.45893719806763
R Vinay Kumar,Middle,71,82,86.58536585365853
RA Bawa,Death,20,14,142.85714285714286
RA Bawa,Middle,14,13,107.6923076923077
RA Bawa,Powerplay,1,5,20.0
RA Jadeja,Death,1628,1075,151.44186046511626
RA Jadeja,Middle,1693,1563,108.31733845169546
RA Jadeja,Powerplay,205,178,115.1685393258427
RA Tripathi,Death,168,105,160.0
RA Tripathi,Middle,969,732,132.37704918032787
RA Tripathi,Powerplay,1154,870,132.64367816091954
RD Chahar,Death,104,96,108.33333333333333
RD Chahar,Middle,25,31,80.64516129032258
RD Gaikwad,Death,210,122,172.1311475409836
RD Gaikwad,Middle,1052,752,139.8936170212766
RD Gaikwad,Powerplay,1577,1280,123.20312499999999
RD Rickelton,Death,18,10,180.0
RD Rickelton,Middle,212,113,187.61061946902655
RD Rickelton,Powerplay,606,390,155.3846153846154
RE Levi,Middle,9,9,100.0
RE Levi,Powerplay,74,65,113.84615384615384
RE van der Merwe,Death,47,37,127.02702702702702
RE van der Merwe,Middle,72,68,105.88235294117648
RE van der Merwe,Powerplay,40,39,102.56410256410255
RG More,Death,2,2,100.0
RG Sharma,Death,1176,627,187.55980861244018
RG Sharma,Middle,3263,2621,124.49446776039679
RG Sharma,Powerplay,2892,2411,119.95022812111158
RJ Gleeson,Death,2,2,100.0
RJ Harris,Death,86,73,117.8082191780822
RJ Harris,Middle,31,39,79.48717948717949
RJ Peterson,Death,18,17,105.88235294117648
RJ Peterson,Middle,14,15,93.33333333333333
RJ Quiney,Middle,35,26,134.6153846153846
RJ Quiney,Powerplay,68,79,86.07594936708861
RJW Topley,Death,3,6,50.0
RK Bhui,Middle,10,20,50.0
RK Bhui,Powerplay,0,7,0.0
RK Singh,Death,674,363,185.6749311294766
RK Singh,Middle,658,585,112.47863247863248
RK Singh,Powerplay,66,57,115.78947368421053
RM Patidar,Death,147,76,193.42105263157893
RM Patidar,Middle,1122,672,166.96428571428572
RM Patidar,Powerplay,343,287,119.51219512195121
RN ten Doeschate,Death,193,113,170.79646017699116
RN ten Doeschate,Middle,121,111,109.009009009009
RN ten Doeschate,Powerplay,12,14,85.71428571428571
RP Meredith,Death,0,3,0.0
RP Singh,Death,50,68,73.52941176470588
RP Singh,Middle,2,10,20.0
RR Bhatkal,Death,0,2,0.0
RR Pant,Death,768,394,194.92385786802032
RR Pant,Middle,2393,1742,137.37083811710679
RR Pant,Powerplay,718,603,119.07131011608622
RR Powar,Death,64,53,120.75471698113208
RR Powar,Middle,3,11,27.27272727272727
RR Raje,Death,20,18,111.11111111111111
RR Rossouw,Death,56,28,200.0
RR Rossouw,Middle,267,176,151.70454545454547
RR Rossouw,Powerplay,150,117,128.2051282051282
RR Sarwan,Middle,23,28,82.14285714285714
RR Sarwan,Powerplay,50,50,100.0
RS Bopara,Death,126,80,157.5
RS Bopara,Middle,252,217,116.12903225806453
RS Bopara,Powerplay,153,171,89.47368421052632
RS Gavaskar,Middle,2,8,25.0
RS Sodhi,Death,4,2,200.0
RT Ponting,Middle,32,41,78.04878048780488
RT Ponting,Powerplay,59,88,67.04545454545455
RV Gomez,Death,44,36,122.22222222222223
RV Gomez,Middle,6,16,37.5
RV Gomez,Powerplay,0,1,0.0
RV Patel,Death,49,39,125.64102564102564
RV Patel,Middle,31,37,83.78378378378379
RV Uthappa,Death,415,250,166.0
RV Uthappa,Middle,2186,1695,128.96755162241888
RV Uthappa,Powerplay,2353,1982,118.71846619576185
Rahmanullah Gurbaz,Middle,87,60,145.0
Rahmanullah Gurbaz,Powerplay,276,223,123.76681614349776
Ramandeep Singh,Death,133,72,184.72222222222223
Ramandeep Singh,Middle,162,134,120.89552238805969
Ramandeep Singh,Powerplay,4,6,66.66666666666666
Rashid Khan,Death,501,322,155.59006211180125
Rashid Khan,Middle,134,110,121.81818181818183
Rasikh Salam,Death,30,22,136.36363636363635
Rasikh Salam,Middle,13,21,61.904761904761905
Ravi Bishnoi,Death,29,45,64.44444444444444
Ravi Bishnoi,Middle,16,26,61.53846153846154
Ravi Singh,Middle,4,2,200.0
S Anirudha,Death,65,45,144.44444444444443
S Anirudha,Middle,38,43,88.37209302325581
S Anirudha,Powerplay,33,33,100.0
S Aravind,Death,46,43,106.9767441860465
S Aravind,Middle,13,16,81.25
S Arora,Death,86,47,182.9787234042553
S Arora,Middle,25,28,89.28571428571429
S Arora,Powerplay,10,6,166.66666666666669
S Badree,Death,3,6,50.0
S Badree,Middle,10,18,55.55555555555556
S Badree,Powerplay,0,1,0.0
S Badrinath,Death,329,209,157.41626794258374
S Badrinath,Middle,854,711,120.11251758087201
S Badrinath,Powerplay,258,325,79.38461538461539
S Chanderpaul,Powerplay,25,33,75.75757575757575
S Dhawan,Death,499,310,160.96774193548387
S Dhawan,Middle,2494,1968,126.72764227642277
S Dhawan,Powerplay,3776,3205,117.81591263650546
S Dube,Death,578,365,158.35616438356163
S Dube,Middle,1455,1095,132.87671232876713
S Dube,Powerplay,96,95,101.05263157894737
S Gopal,Death,119,91,130.76923076923077
S Gopal,Middle,58,75,77.33333333333333
S Gopal,Powerplay,3,7,42.857142857142854
S Kaul,Death,18,31,58.06451612903226
S Kaul,Middle,2,5,40.0
S Kaushik,Death,0,1,0.0
S Ladda,Death,0,1,0.0
S Ladda,Middle,0,9,0.0
S Lamichhane,Death,0,1,0.0
S Nadeem,Death,23,52,44.230769230769226
S Nadeem,Middle,16,36,44.44444444444444
S Narwal,Death,19,16,118.75
S Narwal,Middle,18,13,138.46153846153845
S Rana,Death,61,43,141.86046511627907
S Rana,Middle,9,14,64.28571428571429
S Rana,Powerplay,21,25,84.0
S Randiv,Death,2,4,50.0
S Sohal,Death,4,9,44.44444444444444
S Sohal,Middle,66,48,137.5
S Sohal,Powerplay,298,254,117.32283464566929
S Sreesanth,Death,34,56,60.71428571428571
S Sreesanth,Middle,0,1,0.0
S Sriram,Middle,17,25,68.0
S Sriram,Powerplay,14,13,107.6923076923077
S Tyagi,Death,3,4,75.0
S Vidyut,Middle,37,27,137.03703703703704
S Vidyut,Powerplay,108,88,122.72727272727273
SA Abbott,Death,20,11,181.8181818181818
SA Abbott,Middle,2,7,28.57142857142857
SA Asnodkar,Middle,123,105,117.14285714285715
SA Asnodkar,Powerplay,300,247,121.4574898785425
SA Yadav,Death,606,327,185.32110091743118
SA Yadav,Middle,2718,1881,144.49760765550238
SA Yadav,Powerplay,1257,946,132.87526427061312
SB Bangar,Death,29,17,170.58823529411765
SB Bangar,Middle,20,41,48.78048780487805
SB Dubey,Death,129,75,172.0
SB Dubey,Middle,76,65,116.92307692307693
SB Dubey,Powerplay,15,8,187.5
SB Jakati,Death,28,30,93.33333333333333
SB Joshi,Middle,6,16,37.5
SB Styris,Death,21,19,110.5263157894737
SB Styris,Middle,93,91,102.19780219780219
SB Styris,Powerplay,17,24,70.83333333333334
SB Wagh,Death,2,3,66.66666666666666
SC Ganguly,Death,114,71,160.56338028169014
SC Ganguly,Middle,640,615,104.06504065040652
SC Ganguly,Powerplay,595,640,92.96875
SD Chitnis,Death,38,32,118.75
SD Chitnis,Middle,54,47,114.89361702127661
SD Chitnis,Powerplay,7,13,53.84615384615385
SD Hope,Death,7,7,100.0
SD Hope,Middle,79,47,168.08510638297872
SD Hope,Powerplay,97,71,136.61971830985914
SD Lad,Powerplay,15,13,115.38461538461537
SE Bond,Middle,1,2,50.0
SE Marsh,Death,170,110,154.54545454545453
SE Marsh,Middle,1322,898,147.2160356347439
SE Marsh,Powerplay,997,905,110.1657458563536
SE Rutherford,Death,200,133,150.37593984962405
SE Rutherford,Middle,302,235,128.51063829787236
SE Rutherford,Powerplay,18,25,72.0
SH Johnson,Death,7,8,87.5
SH Johnson,Middle,1,4,25.0
SJ Srivastava,Death,5,5,100.0
SK Raina,Death,664,405,163.9506172839506
SK Raina,Middle,2999,2260,132.69911504424778
SK Raina,Powerplay,1873,1512,123.87566137566137
SK Rasheed,Middle,2,3,66.66666666666666
SK Rasheed,Powerplay,69,64,107.8125
SK Trivedi,Death,40,56,71.42857142857143
SK Trivedi,Middle,2,5,40.0
SK Warne,Death,116,116,100.0
SK Warne,Middle,82,103,79.6116504854369
SL Malinga,Death,80,92,86.95652173913044
SL Malinga,Middle,8,11,72.72727272727273
SM Curran,Death,343,204,168.13725490196077
SM Curran,Middle,474,389,121.8508997429306
SM Curran,Powerplay,180,168,107.14285714285714
SM Harwood,Death,9,14,64.28571428571429
SM Katich,Death,17,13,130.76923076923077
SM Katich,Middle,67,55,121.81818181818183
SM Katich,Powerplay,157,123,127.64227642276423
SM Pollock,Death,72,37,194.5945945945946
SM Pollock,Middle,70,69,101.44927536231884
SM Pollock,Powerplay,5,10,50.0
SMSM Senanayake,Death,9,16,56.25
SMSM Senanayake,Middle,1,1,100.0
SN Khan,Death,253,148,170.94594594594594
SN Khan,Middle,299,264,113.25757575757575
SN Khan,Powerplay,194,144,134.72222222222223
SN Thakur,Death,199,151,131.78807947019868
SN Thakur,Middle,150,121,123.96694214876034
SN Thakur,Powerplay,0,4,0.0
SO Hetmyer,Death,813,468,173.71794871794873
SO Hetmyer,Middle,669,558,119.89247311827957
SO Hetmyer,Powerplay,84,84,100.0
SP Fleming,Middle,51,41,124.39024390243902
SP Fleming,Powerplay,145,130,111.53846153846155
SP Goswami,Death,11,15,73.33333333333333
SP Goswami,Middle,102,96,106.25
SP Goswami,Powerplay,180,196,91.83673469387756
SP Jackson,Death,19,20,95.0
SP Jackson,Middle,32,28,114.28571428571428
SP Jackson,Powerplay,10,9,111.11111111111111
SP Narine,Death,96,111,86.48648648648648
SP Narine,Middle,488,287,170.0348432055749
SP Narine,Powerplay,1236,780,158.46153846153845
SPD Smith,Death,554,331,167.37160120845923
SPD Smith,Middle,1294,1109,116.68169522091975
SPD Smith,Powerplay,647,559,115.74239713774597
SR Dubey,Death,4,2,200.0
SR Tendulkar,Death,132,81,162.96296296296296
SR Tendulkar,Middle,918,777,118.14671814671816
SR Tendulkar,Powerplay,1284,1186,108.26306913996629
SR Watson,Death,295,163,180.98159509202455
SR Watson,Middle,1929,1251,154.19664268585132
SR Watson,Powerplay,1656,1478,112.04330175913397
SS Cottrell,Death,0,1,0.0
SS Cottrell,Middle,0,1,0.0
SS Iyer,Death,585,317,184.54258675078864
SS Iyer,Middle,2413,1726,139.80301274623406
SS Iyer,Powerplay,1235,1168,105.736301369863
SS Mishra,Death,1,3,33.33333333333333
SS Prabhudessai,Death,23,22,104.54545454545455
SS Prabhudessai,Middle,82,63,130.15873015873015
SS Prabhudessai,Powerplay,21,28,75.0
SS Shaikh,Middle,6,7,85.71428571428571
SS Tiwary,Death,382,260,146.92307692307693
SS Tiwary,Middle,873,798,109.39849624060149
SS Tiwary,Powerplay,239,233,102.57510729613735
ST Jayasuriya,Middle,217,139,156.11510791366908
ST Jayasuriya,Powerplay,551,434,126.95852534562214
STR Binny,Death,336,214,157.00934579439252
STR Binny,Middle,510,434,117.51152073732717
STR Binny,Powerplay,34,52,65.38461538461539
SU Parakh,Middle,20,16,125.0
SU Parakh,Powerplay,26,17,152.94117647058823
SV Samson,Death,594,323,183.90092879256966
SV Samson,Middle,2614,1873,139.5621996796583
SV Samson,Powerplay,1973,1574,125.34942820838629
SW Billings,Death,76,47,161.70212765957444
SW Billings,Middle,280,231,121.21212121212122
SW Billings,Powerplay,147,121,121.48760330578511
SW Tait,Death,10,12,83.33333333333334
SW Tait,Middle,13,14,92.85714285714286
SZ Mulani,Death,1,1,100.0
Sachin Baby,Death,85,53,160.37735849056605
Sachin Baby,Middle,59,67,88.05970149253731
Sachin Baby,Powerplay,0,3,0.0
Sakib Hussain,Death,5,7,71.42857142857143
Salil Arora,Middle,33,24,137.5
Salil Arora,Powerplay,2,1,200.0
Salman Butt,Death,4,2,200.0
Salman Butt,Middle,71,54,131.4814814814815
Salman Butt,Powerplay,118,116,101.72413793103448
Sameer Rizvi,Death,103,53,194.33962264150944
Sameer Rizvi,Middle,289,202,143.06930693069307
Sameer Rizvi,Powerplay,32,49,65.3061224489796
Sandeep Sharma,Death,48,64,75.0
Sandeep Sharma,Middle,12,15,80.0
Sanvir Singh,Death,18,15,120.0
Sanvir Singh,Middle,0,1,0.0
Sanvir Singh,Powerplay,7,6,116.66666666666667
Saurav Chauhan,Death,16,13,123.07692307692308
Saurav Chauhan,Middle,2,3,66.66666666666666
Sediqullah Atal,Middle,21,14,150.0
Sediqullah Atal,Powerplay,1,2,50.0
Shahbaz Ahmed,Death,262,172,152.32558139534885
Shahbaz Ahmed,Middle,312,307,101.62866449511401
Shahbaz Ahmed,Powerplay,29,37,78.37837837837837
Shahid Afridi,Death,22,10,220.00000000000003
Shahid Afridi,Middle,16,17,94.11764705882352
Shahid Afridi,Powerplay,43,19,226.3157894736842
Shakib Al Hasan,Death,274,201,136.318407960199
Shakib Al Hasan,Middle,475,411,115.57177615571777
Shakib Al Hasan,Powerplay,46,53,86.79245283018868
Shashank Singh,Death,439,226,194.24778761061947
Shashank Singh,Middle,416,321,129.595015576324
Shashank Singh,Powerplay,50,41,121.95121951219512
Shivam Mavi,Death,48,48,100.0
Shivam Mavi,Middle,3,10,30.0
Shivam Sharma,Death,5,3,166.66666666666669
Shivam Singh,Death,2,3,66.66666666666666
Shivang Kumar,Death,39,30,130.0
Shivang Kumar,Middle,14,20,70.0
Shoaib Ahmed,Death,0,4,0.0
Shoaib Ahmed,Middle,1,2,50.0
Shoaib Akhtar,Middle,2,8,25.0
Shoaib Malik,Death,2,4,50.0
Shoaib Malik,Middle,29,24,120.83333333333333
Shoaib Malik,Powerplay,21,21,100.0
Shubman Gill,Death,337,227,148.4581497797357
Shubman Gill,Middle,1913,1310,146.03053435114504
Shubman Gill,Powerplay,2348,1802,130.29966703662598
Sikandar Raza,Death,34,30,113.33333333333333
Sikandar Raza,Middle,126,96,131.25
Sikandar Raza,Powerplay,22,17,129.41176470588235
Simarjeet Singh,Death,8,11,72.72727272727273
Simarjeet Singh,Middle,2,4,50.0
Sohail Tanvir,Death,12,12,100.0
Sohail Tanvir,Middle,11,11,100.0
Sohail Tanvir,Powerplay,13,8,162.5
Sumit Kumar,Death,2,8,25.0
Sumit Kumar,Middle,16,15,106.66666666666667
Sumit Kumar,Powerplay,0,3,0.0
Sunny Gupta,Middle,0,1,0.0
Sunny Singh,Death,7,9,77.77777777777779
Sunny Singh,Middle,20,12,166.66666666666669
Sunny Singh,Powerplay,16,10,160.0
Suryansh Shedge,Death,34,22,154.54545454545453
Suryansh Shedge,Middle,110,66,166.66666666666669
Suryansh Shedge,Powerplay,21,16,131.25
Swapnil Singh,Death,26,20,130.0
Swapnil Singh,Middle,25,26,96.15384615384616
T Banton,Powerplay,18,22,81.81818181818183
T Dahiya,Death,6,8,75.0
T Dahiya,Middle,6,7,85.71428571428571
T Henderson,Middle,9,6,150.0
T Henderson,Powerplay,2,10,20.0
T Kohler-Cadmore,Middle,0,1,0.0
T Kohler-Cadmore,Powerplay,48,53,90.56603773584906
T Kohli,Death,4,6,66.66666666666666
T Kohli,Middle,0,1,0.0
T Kohli,Powerplay,7,13,53.84615384615385
T Natarajan,Death,4,7,57.14285714285714
T Shamsi,Death,2,4,50.0
T Stubbs,Death,448,211,212.3222748815166
T Stubbs,Middle,481,399,120.5513784461153
T Stubbs,Powerplay,57,57,100.0
T Taibu,Death,9,5,180.0
T Taibu,Middle,22,21,104.76190476190477
T Thushara,Death,12,19,63.1578947368421
TA Boult,Death,76,71,107.04225352112675
TA Boult,Middle,17,19,89.47368421052632
TD Paine,Powerplay,10,29,34.48275862068966
TG Southee,Death,104,79,131.64556962025316
TG Southee,Middle,16,29,55.172413793103445
TH David,Death,734,383,191.644908616188
TH David,Middle,412,310,132.90322580645162
TH David,Powerplay,5,4,125.0
TK Curran,Death,58,44,131.8181818181818
TK Curran,Middle,69,64,107.8125
TL Seifert,Death,2,5,40.0
TL Seifert,Powerplay,43,39,110.25641025641026
TL Suman,Death,96,77,124.67532467532467
TL Suman,Middle,375,306,122.54901960784315
TL Suman,Powerplay,205,204,100.49019607843137
TM Dilshan,Death,162,94,172.3404255319149
TM Dilshan,Middle,447,432,103.47222222222223
TM Dilshan,Powerplay,544,521,104.41458733205373
TM Head,Death,94,51,184.31372549019608
TM Head,Middle,331,246,134.55284552845526
TM Head,Powerplay,1131,662,170.84592145015105
TM Srivastava,Death,4,4,100.0
TM Srivastava,Middle,4,7,57.14285714285714
TR Birt,Death,51,28,182.14285714285714
TR Birt,Middle,23,25,92.0
TR Birt,Powerplay,1,6,16.666666666666664
TS Mills,Death,6,9,66.66666666666666
TS Mills,Middle,2,5,40.0
TU Deshpande,Death,45,33,136.36363636363635
TU Deshpande,Middle,9,5,180.0
Tanush Kotian,Middle,5,6,83.33333333333334
Tanush Kotian,Powerplay,19,26,73.07692307692307
Tilak Varma,Death,384,205,187.31707317073173
Tilak Varma,Middle,1206,903,133.55481727574752
Tilak Varma,Powerplay,268,236,113.55932203389831
U Kaul,Death,0,1,0.0
UA Birla,Middle,0,1,0.0
UA Birla,Powerplay,7,14,50.0
UBT Chand,Death,7,8,87.5
UBT Chand,Middle,129,124,104.03225806451613
UBT Chand,Powerplay,164,182,90.10989010989012
UT Khawaja,Middle,17,20,85.0
UT Khawaja,Powerplay,110,85,129.41176470588235
UT Yadav,Death,184,171,107.60233918128654
UT Yadav,Middle,24,40,60.0
Umar Gul,Death,21,14,150.0
Umar Gul,Middle,18,5,360.0
Umran Malik,Death,23,16,143.75
Urvil Patel,Middle,32,18,177.77777777777777
Urvil Patel,Powerplay,165,84,196.42857142857142
V Kohli,Death,1159,602,192.5249169435216
V Kohli,Middle,4239,3298,128.53244390539723
V Kohli,Powerplay,3948,3227,122.34273318872017
V Nigam,Death,72,43,167.4418604651163
V Nigam,Middle,65,41,158.53658536585365
V Nigam,Powerplay,20,8,250.0
V Pratap Singh,Death,0,1,0.0
V Sehwag,Death,33,15,220.00000000000003
V Sehwag,Middle,910,534,170.4119850187266
V Sehwag,Powerplay,1785,1284,139.01869158878503
V Shankar,Death,418,250,167.2
V Shankar,Middle,662,570,116.14035087719299
V Shankar,Powerplay,153,165,92.72727272727272
V Suryavanshi,Death,13,4,325.0
V Suryavanshi,Middle,306,128,239.0625
V Suryavanshi,Powerplay,709,341,207.91788856304984
V Viyaskanth,Death,7,5,140.0
VG Arora,Death,9,19,47.368421052631575
VG Arora,Middle,1,9,11.11111111111111
VH Zol,Middle,6,4,150.0
VH Zol,Powerplay,23,22,104.54545454545455
VR Aaron,Death,49,68,72.05882352941177
VR Aaron,Middle,1,5,20.0
VR Iyer,Death,168,100,168.0
VR Iyer,Middle,727,535,135.88785046728972
VR Iyer,Powerplay,782,588,132.99319727891157
VRV Singh,Death,4,3,133.33333333333331
VS Malik,Death,7,7,100.0
VS Yeligati,Death,2,2,100.0
VVS Laxman,Death,2,4,50.0
VVS Laxman,Middle,78,61,127.86885245901641
VVS Laxman,Powerplay,202,206,98.05825242718447
VY Mahesh,Death,12,18,66.66666666666666
VY Mahesh,Middle,3,10,30.0
Vijaykumar Vyshak,Death,16,17,94.11764705882352
Virat Singh,Middle,14,23,60.86956521739131
Virat Singh,Powerplay,1,3,33.33333333333333
Vishnu Vinod,Death,24,15,160.0
Vishnu Vinod,Middle,37,30,123.33333333333334
Vishnu Vinod,Powerplay,10,21,47.61904761904761
Vivrant Sharma,Middle,40,23,173.91304347826087
Vivrant Sharma,Powerplay,29,26,111.53846153846155
W Jaffer,Middle,47,26,180.76923076923077
W Jaffer,Powerplay,83,103,80.58252427184466
WA Mota,Death,13,14,92.85714285714286
WA Mota,Middle,43,62,69.35483870967742
WD Parnell,Death,41,52,78.84615384615384
WD Parnell,Middle,13,19,68.42105263157895
WD Parnell,Powerplay,11,15,73.33333333333333
WG Jacks,Death,44,20,220.00000000000003
WG Jacks,Middle,276,171,161.4035087719298
WG Jacks,Powerplay,282,194,145.36082474226802
WP Saha,Death,441,290,152.0689655172414
WP Saha,Middle,1023,896,114.17410714285714
WP Saha,Powerplay,1470,1182,124.36548223350255
WPUJC Vaas,Death,55,49,112.24489795918366
WPUJC Vaas,Middle,26,24,108.33333333333333
Washington Sundar,Death,400,255,156.86274509803923
Washington Sundar,Middle,410,366,112.02185792349727
Washington Sundar,Powerplay,78,68,114.70588235294117
X Thalaivan Sargunam,Middle,10,17,58.82352941176471
XC Bartlett,Death,29,14,207.14285714285717
XC Bartlett,Middle,11,15,73.33333333333333
Y Gnaneswara Rao,Powerplay,19,18,105.55555555555556
Y Nagar,Death,149,109,136.69724770642202
Y Nagar,Middle,131,151,86.75496688741721
Y Nagar,Powerplay,5,11,45.45454545454545
Y Prithvi Raj,Death,0,1,0.0
Y Venugopal Rao,Death,311,207,150.2415458937198
Y Venugopal Rao,Middle,574,530,108.30188679245283
Y Venugopal Rao,Powerplay,100,128,78.125
YA Abdulla,Death,0,1,0.0
YBK Jaiswal,Death,50,24,208.33333333333334
YBK Jaiswal,Middle,711,511,139.13894324853229
YBK Jaiswal,Powerplay,1832,1215,150.78189300411523
YK Pathan,Death,858,537,159.77653631284915
YK Pathan,Middle,1891,1457,129.7872340425532
YK Pathan,Powerplay,473,340,139.11764705882354
YS Chahal,Death,32,64,50.0
YS Chahal,Middle,5,25,20.0
YV Dhull,Middle,7,10,70.0
YV Dhull,Powerplay,9,13,69.23076923076923
YV Takawale,Death,29,13,223.0769230769231
YV Takawale,Middle,34,25,136.0
YV Takawale,Powerplay,129,145,88.96551724137932
Yash Dayal,Death,4,8,50.0
Yash Dayal,Middle,0,1,0.0
Yashpal Singh,Death,11,10,110.00000000000001
Yashpal Singh,Middle,18,18,100.0
Yashpal Singh,Powerplay,18,39,46.15384615384615
Younis Khan,Powerplay,3,7,42.857142857142854
Yudhvir Singh,Death,1,3,33.33333333333333
Yudhvir Singh,Middle,21,13,161.53846153846155
Yuvraj Singh,Death,601,364,165.1098901098901
Yuvraj Singh,Middle,1890,1561,121.0762331838565
Yuvraj Singh,Powerplay,263,282,93.26241134751773
Z Khan,Death,101,98,103.0612244897959
Z Khan,Middle,16,40,40.0
Z Khan,Powerplay,0,3,0.0
